chr,start_loc,end_loc,individual_analysis_num
1,10001,248946422,25
2,10001,242183529,25
3,10001,198235559,20
4,10001,190204555,20
5,10001,181478259,19
6,60001,170745979,18
7,10001,159335973,16
8,60001,145078636,15
9,10001,138334717,14
10,10001,133787422,14
11,60001,135076622,14
12,10001,133265309,14
13,16000001,114354328,10
14,16000001,106883718,10
15,17000001,101981189,9
16,10001,90228345,10
17,60001,83247441,9
18,10001,80263285,9
19,60001,58607616,6
20,60001,64334167,7
21,5010001,46699983,5
22,10510001,50808468,5
